age,gender,income,credit_score,product_price,returned
24,Female,49920.69075327427,697.7473441294965,95.85751919339309,1
45,Male,45738.55498080156,692.7157122269357,91.12331355593138,0
25,Female,65502.42308464329,686.7756437852828,103.87884690845162,0
37,Female,58679.61079241351,730.3126774131607,98.32180410957571,0
18,Female,61581.293278948426,697.5264817876881,92.01629520456197,0
52,Male,49873.85696801294,795.3416007756032,109.79717820170389,1
64,Female,34846.339334936834,708.0361550210981,117.01861097356645,0
28,Male,38067.68616627939,733.8471310421872,95.50813586786596,0
23,Female,56605.94014562453,734.602666764289,82.1973693889321,0
31,Male,53920.36900837261,764.9963175012359,113.45292366661474,0
44,Female,44531.842952555446,732.2787429236677,99.23269126142593,0
47,Male,50045.60323729425,729.5016571287815,103.6598572709915,0
37,Female,60646.69588911468,717.4467151678781,114.82709076848947,0
56,Male,49404.27828357392,667.6945364760531,94.89533165135526,1
44,Female,63533.85763064731,738.122206354277,112.33184584371105,0
33,Male,57978.69814508558,714.3981885333545,98.88286440019307,0
60,Female,42931.12879998327,739.1233361249203,113.03232416654868,0
38,Male,40891.96707293741,690.8936559726741,110.56334128252463,0
23,Female,38830.65062457087,719.1704340096597,89.05768241318141,0
38,Female,65630.08979744196,713.670273084943,83.17058206133365,0
51,Male,56951.96073757692,645.5125411706061,93.86233191288504,0
39,Male,41043.13464036373,668.4970835752223,105.57038773783579,0
57,Female,57084.61158284982,702.5713178120313,96.8613480989452,0
64,Male,55770.00023338286,631.1928771428773,122.32655596113366,0
29,Male,50591.89618021438,650.6666264934729,96.14389713681592,1
27,Female,41647.357471015916,743.771963720067,90.89748867990137,0
59,Female,60363.42890658512,810.6108174790229,99.73046705980899,0
60,Female,38667.993972627155,577.6114292955394,85.17641813086429,0
54,Male,63947.44341862233,692.6237216161559,97.67554888715594,0
21,Male,42053.71899698174,706.6179932930645,115.33675420737197,0
56,Female,65871.25848181132,682.3754611208573,80.92594266641274,0
39,Female,57093.43968332369,728.3042600600526,109.52234811539023,1
48,Female,50688.72468302817,701.4084255947461,102.24951029333239,0
34,Female,52177.26954930415,669.5632588231307,88.21437553872936,0
54,Female,42523.37403417413,770.4422112315136,109.70623768504198,0
23,Female,29048.630485371126,676.6263191849974,100.93274382195582,0
28,Female,63718.79188155377,774.9277543971622,97.96345816738322,0
44,Male,46683.574397645105,757.1773493094234,84.23410056112957,0
30,Female,45945.827456885905,686.6145914058993,104.72016632978108,0
45,Male,53824.29420074876,667.5642540831149,90.43851554268409,0
33,Female,44766.18863542334,694.6108882785893,96.81217053627753,0
22,Female,41309.833413412656,742.8559831680044,89.30394853295918,0
18,Male,59361.258218776515,665.1144967656464,114.36200560132919,0
40,Male,34830.11576744728,687.0884881197273,82.67864480505021,0
30,Female,55384.198061582596,696.3353268526529,101.26818566506763,0
61,Female,59184.0301000459,678.6055046935862,92.16639354847223,0
26,Female,21459.32008127512,666.2718717425696,111.33056049791625,0
57,Male,43185.180503105024,692.3437726929238,113.17278382953828,0
27,Female,46933.1809395425,745.3180486049207,81.03824731595614,0
61,Male,47654.914898490875,679.1110879674818,101.85814692417247,0
24,Male,58892.73922219026,733.8909178672739,97.83034612387733,0
26,Female,57734.37007941262,648.5042783915407,117.14557123844932,0
31,Male,52483.99329330728,627.03183112632,99.7879776473803,0
63,Male,48242.667101701074,734.8431128281068,94.68902392098676,0
45,Male,63477.98637446836,629.3914357079293,107.74844590642373,0
23,Female,58352.407491895174,727.2320863797913,98.70870404095848,1
62,Male,50049.94272963497,678.2420067428432,99.68239869971632,0
49,Male,46518.54182109053,688.3047884342916,89.83331470529923,0
20,Male,47557.39482571712,810.759435662407,112.61342876288516,0
45,Female,63123.270977817556,707.1692286221814,104.94940321950303,0
41,Female,36298.9532777071,737.8160280755749,96.41639343491028,1
23,Male,48471.63407277483,689.1509514819635,94.79198373623564,0
59,Female,63994.414927497826,694.707960279417,96.56253345968071,0
25,Male,42790.42494977213,778.2228615256073,86.74559983949669,0
57,Male,52997.17730302103,733.0934975250561,95.93818102636267,0
45,Female,64521.91502898304,668.8426111229044,100.78996030423406,0
33,Male,58135.34705699584,711.3684955253365,90.89682321522683,0
38,Female,42425.99984057265,697.8489940557384,95.94926281661256,0
54,Female,46147.37583994617,646.6467841199018,100.6419114093917,0
40,Male,46426.71675712001,655.7221560342088,100.2195800554097,0
58,Female,46601.39941815004,731.9788920949873,94.8153331791745,0
52,Female,38213.581506592986,659.9253779362749,105.10002340158498,0
46,Male,57016.89055304524,626.7002583717609,90.66670189312944,0
48,Female,65715.72213965308,681.7369848816354,110.07752803962468,0
46,Female,27107.992815535057,677.8005303832009,100.68991863548992,0
35,Female,62099.86710685576,688.8111419892505,98.82292375741596,0
45,Male,56142.81085312189,715.257610440718,111.41086311295383,0
25,Male,57161.941265951034,625.239378202791,104.57140059039345,0
28,Male,34520.08306793616,700.5794478427501,100.46576872283995,0
26,Male,50223.05117513577,718.2470062648429,107.55342703029181,0
55,Female,52513.05884023499,712.5758625272892,91.74451410428121,0
61,Female,53483.529530020096,738.3465365749543,99.00028123515764,0
50,Male,63911.80455369372,722.1308394981679,116.01094541701443,0
60,Male,44423.30261623389,700.4121688663332,84.62975994612972,1
52,Male,36848.224500870085,639.2486685446235,110.94843027234468,0
61,Female,57802.6761483352,747.2511440545356,123.85051671434792,0
20,Male,43952.900638870924,703.244874516812,94.39085462368712,0
51,Female,47884.50384641237,725.967159436712,117.71797555775454,0
34,Female,49222.33155442935,771.7653771055601,107.40059523526963,0
47,Female,46410.84607447204,739.0221099147441,101.35289862145282,0
53,Male,49850.7028376592,643.3768555024641,77.1613808310557,0
37,Female,40797.91731711288,708.3391257578245,80.43777103318254,1
43,Male,60581.1342452911,642.9141612679468,90.76069231924298,0
59,Male,50653.41710185204,766.3264060226686,109.5807495357526,0
53,Female,60532.647214180586,752.4828024813606,92.84573919167862,0
44,Male,51975.97330341599,726.4872156805708,98.27780458349471,0
27,Male,44656.96923546617,711.4571005900115,87.08460896923417,0
40,Male,52242.22682173231,640.3480622444413,104.07012804575956,0
51,Male,33781.64850176565,662.9562144379385,99.95069801714656,0
47,Male,61702.86293834741,710.7071418090013,88.68314482308034,0
55,Female,37803.71761776452,633.7020717567488,103.16187292329782,0
44,Male,61829.254883608955,691.3295013497607,92.32319560063851,0
24,Female,66828.44809539392,694.528601527227,88.61109626408849,0
40,Male,47688.22085420015,679.0372417282446,95.55404971300288,1
28,Female,59613.75215688186,727.9071424292247,102.3560545388842,1
30,Male,47467.37431137002,743.3039510871981,103.59926979724791,0
55,Female,48803.49100793413,609.2625885752901,104.79348015234521,0
27,Female,48035.25540928543,687.6268100381824,85.17354575479204,0
25,Male,32070.941945939354,751.4731834040476,96.94105577082253,0
19,Male,55375.10486326062,661.7131737356315,109.53470280810713,0
19,Male,54538.3067117976,669.1937804859556,105.01361123336392,1
61,Female,40273.77953812104,733.9310856811908,91.23976055398064,0
59,Female,52596.295145388416,701.9914839291437,98.88573592201526,1
39,Female,61520.7331428019,636.074562610651,89.67515678217123,0
56,Male,43200.63340930764,623.5236200364459,94.6894657688451,0
34,Female,38560.60982373311,622.1433603317901,113.33216711677017,0
21,Male,59192.583637859716,669.8767339502699,118.29798085601685,0
21,Male,57795.56119141671,729.4466746531206,90.0590877768476,0
36,Male,41507.80855322914,716.070556941654,83.35780166334406,0
44,Male,56911.46893392071,671.4892003225604,95.78320125208725,0
20,Female,40348.18917243896,654.4645837250913,97.30296701535241,0
43,Female,66344.81106361565,737.2005694420666,98.86033483908754,0
27,Male,44782.5102941609,720.5431350557783,90.72533989596222,0
21,Female,47873.30257548297,682.4304784977431,96.04414880034783,0
52,Female,39762.64279837631,727.6402303563685,108.21013848531459,0
20,Male,55634.16660048583,658.4876145314015,103.2972379717242,0
54,Female,59067.80326665733,792.9690613651655,112.47809150557728,0
46,Female,23723.49646002497,711.2318531879323,95.96748867834376,0
61,Female,49274.9569670342,705.5715715809981,98.43519077775366,0
28,Female,66714.93677510002,792.4369966717655,79.40732766353347,0
44,Female,48485.54909855473,646.2435284427637,90.54257592519355,0
48,Male,30144.10090310112,731.7826489803838,93.92410435231038,1
39,Female,62501.57169702777,697.83784354445,87.86950804883615,0
54,Female,47646.99353220217,661.1631886504705,106.96123517594587,0
43,Male,50465.436799442155,738.5220567030079,107.2174608069909,0
50,Male,38718.08413540067,707.093714179295,124.60866610006987,0
43,Male,67742.13045790442,626.3719833260961,97.09376849187421,0
43,Male,58987.85462506782,675.1470655412149,94.35406841763904,0
48,Female,31416.153806574708,627.4026746301622,102.7656414817976,0
58,Male,54154.23738905153,728.3941783759855,113.63810701351109,0
18,Male,43078.27790782548,628.6588628099039,119.3525617490233,1
55,Female,61508.237346592156,664.8993664954036,96.34605186894956,1
51,Female,54205.721277944074,656.4824707970571,105.59869487100946,0
20,Male,50860.17101273386,721.2537407809267,83.87452934503203,0
57,Male,58109.70936319314,727.174826398226,91.25667926534925,0
52,Female,43023.64247935009,720.172239958387,96.41405329596566,0
38,Male,65120.25428041608,697.1478076498839,117.83778291400193,0
23,Female,77296.56936436924,682.9622869488068,84.44957100901122,0
24,Female,49256.60156945867,694.4837159097978,107.10565990931788,0
64,Male,25108.708130573406,685.7003646077745,92.14269184096266,0
55,Female,45625.14032521124,773.2543316640006,95.02776853694732,0
53,Male,60580.034731094696,665.0622590459667,113.21543503755726,1
21,Male,31972.71544723003,760.3157880368166,116.93527102015975,0
44,Female,39383.43674585712,807.6592914771253,115.50790586219833,0
18,Female,47609.84372785919,700.0815613218177,76.12208889897714,0
27,Male,38502.451101486906,670.9033871449955,96.8715892255017,0
44,Female,53277.44036467828,677.2850594278485,96.26668134103635,0
24,Female,47833.84179444977,621.5585849948147,103.30878060013153,0
61,Male,63908.86554171625,771.1551998794266,92.2124730078283,0
52,Male,45326.00401744939,677.2351214526401,114.46450080541435,0
40,Male,49188.32938156079,740.7864516698176,107.51693190915195,0
60,Male,52673.664271885784,748.2617621989323,91.97575570807594,0
41,Male,56312.22625377064,663.6088496002128,111.50739105522902,0
37,Female,53153.3196840436,686.4658194557151,105.12300689307966,0
36,Female,60186.746469782345,775.5408863786569,91.85161873751697,0
36,Female,45246.816565446774,627.3435550135422,91.33177433570292,0
64,Male,43187.22888111008,672.602878905933,98.73064695235871,0
25,Female,52890.21669824449,703.8978952392094,110.24674074778937,0
25,Male,48087.347653953344,652.6577002812628,104.79420224838509,0
55,Male,40472.96478139357,733.5343999526382,108.14884970075627,0
38,Male,45458.40859099663,637.0331175265279,92.40033843510909,0
19,Male,76171.85614986392,604.4494385047191,105.27492858407797,0
56,Female,49908.815378210646,617.526530890326,95.09518340928099,0
24,Male,48612.876504159736,748.8415542888162,112.69939556538141,0
43,Male,37357.726700927975,770.6389378054339,108.2088246608628,0
24,Female,47332.30680962512,768.0416366293358,81.86054419756081,0
28,Male,65921.92488694639,754.4721475724322,86.2044461709516,0
28,Female,47837.069498076286,687.6996128445581,77.76070584294686,1
31,Female,56098.92416879164,730.0434713391882,114.57827920832739,0
62,Female,39415.3238893074,684.9298176000748,88.80269235388396,1
52,Male,48010.088858820614,736.5515662606911,97.10634423201626,0
47,Female,63040.757730152945,719.1297605011174,90.64301222792545,0
63,Male,36232.592022364974,693.3512052848,95.80189485979712,0
23,Female,70444.10676965758,713.2395379544073,87.5317667186222,0
26,Male,61775.5789626744,708.5403934115823,89.7617133698267,0
40,Male,41297.21089834119,798.4173726166608,110.57927681088104,0
37,Male,53505.15356521187,686.1263054837381,96.4730733033467,0
62,Male,41520.440251984575,693.0550815369412,101.73770810410613,0
54,Male,47698.235524455595,720.9580682411902,91.47439302174381,0
37,Male,53880.77812572491,636.8631450085794,102.4367414299154,0
50,Male,59926.696289629006,692.7125509652091,116.19021901808485,0
54,Female,21488.394539347297,639.5540770605636,118.906855207141,0
37,Female,44872.17769673172,748.0344172132708,103.69083255716727,0
59,Male,59134.777695565004,715.2613618587891,90.43336964378344,0
38,Male,65633.58377476629,694.0106295020641,94.35573903263419,0
40,Female,58268.14878676855,656.1490979026331,94.37049953330563,0
39,Female,55829.24117363351,594.8438530686378,102.56574982259737,0
44,Female,60824.31604766102,778.5429982537269,94.4448430784573,0
34,Male,49749.16560503848,675.4829171351056,96.71811061871892,0
33,Male,54203.06726288916,674.6803733071976,84.56895972635347,1
46,Male,37516.519868054056,707.6096408920777,117.47002220125019,0
33,Female,53446.43430784732,701.1706779814841,112.67363816303694,0
51,Male,46370.8314379159,792.0015334898904,86.44043257352962,0
51,Female,39988.48601570471,722.6998567902056,97.75271295244109,0
39,Female,40540.62205947911,645.697295131037,101.67791645006514,0
43,Female,43259.22095191392,724.2512623475926,107.99995682821017,0
37,Female,48684.5426229961,641.4598076529502,98.83548659651991,0
29,Female,47818.355615853616,795.0282088830182,92.77777482231835,0
54,Male,50838.807322699555,760.5211882610008,109.73109189838723,0
40,Male,56448.2954554906,660.3264495528254,100.93790782846773,0
41,Female,71684.62845926231,702.5749279236065,99.73906184717373,1
22,Male,49880.4136221694,730.2537493954005,85.93683147800444,1
50,Male,55641.64432388359,825.8197230334993,93.28929626570128,0
33,Female,57392.362790315645,684.7379189542321,116.19243394523096,0
39,Male,62408.289208458635,677.1464899863769,103.61369803162422,0
22,Female,54972.05489448013,705.7800198946305,101.79655808658214,1
39,Female,64390.23564039395,696.2616146890314,109.04257086969567,0
48,Female,53008.500894774836,711.2202046243453,107.9594138644816,0
32,Female,36891.43457179102,743.6677867765895,114.02850947071504,0
38,Male,53989.94568972225,727.7489450491197,106.50607012986227,0
49,Female,48842.59263613668,678.4017299099188,97.90666559210099,0
25,Male,56968.48924522124,643.4150952511488,114.69075849677856,0
29,Female,62290.34994941713,704.3019721006123,79.92505920589983,0
39,Female,40790.05543691106,781.027415651316,84.31392283352959,0
35,Male,36061.24506445767,670.5271163756265,85.61948432060544,1
33,Male,52034.59119447235,721.0112436598295,104.88736643503809,0
61,Male,59364.506955762816,648.1455832396855,83.83957609369281,1
24,Female,56136.56484610421,670.4661883037494,108.279363643575,0
53,Female,41614.99370072544,705.0792886005248,99.04688135808085,0
62,Male,62184.870716307785,718.6570339100065,102.01116270513819,0
61,Male,55877.57538021805,669.3922480657216,108.34010965212917,0
45,Male,40774.45204283095,659.5169132121055,91.16018769430633,0
18,Female,54840.363270005044,771.5134569470316,114.59071988042703,0
24,Male,48151.11855018835,706.2334495338418,104.55187296678976,0
46,Male,31194.98600358952,737.8379324303288,105.02611467313272,0
55,Male,61033.55540388446,676.8410096990393,107.17632436466829,0
40,Female,46739.15344569147,630.9668435008213,98.39386463215183,0
32,Female,46318.19948450797,619.9360772145635,99.20982778199517,0
61,Female,37958.000256500265,591.0085170947191,98.70995521724849,0
61,Male,50768.12899194135,625.0776012757444,95.14539437159412,1
28,Male,65962.9869602155,720.6639059837922,79.46847048804533,0
43,Male,57568.697561679255,688.5507173272022,84.73041375929425,0
33,Male,61498.91921603416,732.8460489718894,125.00451106092646,0
37,Male,62414.207716645324,721.8751727849273,99.3951448726857,0
21,Male,48110.02797796659,736.733801771509,95.9107089126091,0
27,Male,43809.848257752295,660.6682606497392,107.22892282457393,0
28,Male,62024.196076350134,671.1516324367957,100.4318917791891,1
59,Male,54622.56945966302,727.8135026256234,111.2286572372226,1
62,Male,30158.715443808844,727.313955857848,99.51033081526384,0
62,Female,46313.414327529485,678.3376121189126,103.3233554700269,0
27,Female,43829.29048768163,664.7951822241282,103.26008919676357,0
53,Male,42353.401346153536,634.4297421768387,97.94190727044631,0
24,Male,55324.378913780805,706.091444138491,83.80824771393094,0
43,Male,50949.33578693058,730.7172627111842,96.73682836043201,0
23,Male,62005.01742689603,648.8274661234376,96.81250382572138,0
25,Male,53558.49780853269,713.6274072269915,97.30120778341738,0
26,Male,55335.29801477474,765.7162368810057,90.51257274100021,0
64,Male,39409.074557477674,782.6860644625274,87.37449159184558,0
29,Female,45192.04135300244,684.8355604233101,86.17632448803732,0
26,Female,42572.56154072462,647.4065100727528,94.81788969329624,0
60,Male,45907.29393987103,694.818469023163,96.88198282603426,0
41,Male,37236.20599056665,618.1331805620907,99.87448268258264,0
41,Female,56925.39380559893,716.4975622600931,101.08177726021819,0
29,Male,51612.23723641534,656.9273136932433,103.51558423720202,0
45,Male,63029.284984361584,669.2007546523685,100.6059930432001,0
23,Male,53104.87231889439,692.9599368331684,98.16002295843333,0
20,Female,62818.610851549565,734.2454414595835,101.49643910545073,0
64,Male,52611.45229615857,662.4114768353197,103.50910063521737,0
38,Male,42082.87199712923,673.1488822439516,99.5356893424682,0
59,Male,52868.44405752958,635.1691396917288,96.34666353981017,0
45,Male,55243.66279465234,645.6056274636928,96.43025084098556,0
22,Female,69120.26358113502,750.6449798627851,92.20270925772984,0
29,Male,35029.74509317867,576.4439514569733,87.78276791023625,0
59,Male,43246.165582094276,684.3815402300727,105.95040376806459,0
60,Female,49870.66303682317,642.532778202204,114.295634336789,0
38,Male,69829.64848839029,793.9983614423825,95.23192439176196,0
34,Female,54355.2869156378,611.3479055366815,114.26562078265606,0
24,Male,54522.250790329956,648.7971905310495,108.59792490728202,0
59,Female,49111.05073928185,664.6797277734655,85.22130944259715,0
38,Male,46648.21548758368,697.3692232105819,93.60740833744785,0
20,Male,41467.9696869889,655.9224533794908,105.55288770855327,0
30,Male,58793.46901071418,751.5341349850322,97.76844163717583,0
20,Male,48301.57475493302,731.7558608897954,92.08671072523086,1
37,Female,55735.07991553038,616.6971717269744,114.62540001648411,0
54,Female,59343.62495929089,698.9946949812808,116.83131177225968,0
43,Female,42691.99219443297,692.4802496314029,90.92641300212797,0
20,Male,56823.85227096123,698.7542081226609,93.61649324858402,0
56,Male,79576.07837070097,645.7577180151036,96.53676009722642,0
40,Male,59464.70117739173,631.5243681128637,108.70273821564757,0
35,Male,48571.30626094484,752.3539759026592,84.2065145422606,0
44,Female,55864.763677779934,724.6016237562046,88.5712424674103,0
59,Female,58869.785167796304,757.8738034649605,84.95649552360469,0
33,Male,27948.84272071313,648.2435232166679,96.4371839942601,0
36,Male,47819.99184837557,626.6672744715772,99.37156028008714,0
51,Female,60956.84061672762,709.560038918486,84.49181810625257,0
51,Male,63269.023384879314,704.5655195805222,102.81311246711232,0
22,Male,65617.59146959735,672.492098294021,111.3074057489332,1
21,Female,47853.910869819476,639.145604916076,109.08771150365718,0
49,Male,45160.55120959844,689.5669673604694,99.1748067051455,0
54,Male,75369.98576266435,709.3996592373244,98.18707850299334,0
63,Female,52684.55547412785,678.8279837372601,93.70833580976938,0
45,Male,57529.3676243885,684.8637279982026,101.64648471243895,1
47,Male,61051.61158619406,753.050609140563,106.4434317676918,0
38,Female,52342.057343622466,657.352594575242,100.90368871842867,0
61,Female,40652.61818276999,685.5323606805082,112.63468454116384,0
19,Male,52058.20342676324,628.4526582443931,109.02668072294907,1
50,Male,57988.98263296809,765.0705724264626,103.05437749383051,0
40,Male,68874.54622474531,784.5281512601181,86.00681806160175,0
38,Male,52523.59199004737,696.5144723065027,116.16459900689524,0
64,Female,38998.06076770057,671.9772784165757,104.16439515678985,1
61,Female,76296.05709807036,650.1217246431188,103.02491119173357,0
41,Male,49939.235706407955,684.8258464432628,97.20142547662927,0
38,Male,52025.89017579733,762.7721877368247,115.82404843317215,0
36,Female,44254.19492083866,696.3870894144612,78.76494980118657,0
58,Female,47326.146417338445,650.9145881052746,91.0675903314218,0
62,Male,55363.40333752059,719.2343387387414,106.49030181795742,0
44,Male,28846.64106791664,664.2772571132798,98.51565620512734,0
43,Female,50600.1273877653,722.4252834103528,104.22390127635674,0
61,Female,34715.61829199968,730.6087769788486,96.74817577532662,0
58,Male,42226.436867466036,742.5730682748563,80.02934329227139,0
43,Female,47747.78141376864,729.9983986022571,108.77438392361184,0
22,Female,54250.11412518856,741.6722512592111,96.62981605537196,0
58,Female,43898.95221778,672.6951485749856,102.81449507645605,0
61,Male,43275.90117445723,668.0742399915093,83.55099814194328,0
58,Male,57794.73868556212,769.7050035659984,80.36677470250103,0
41,Male,48220.941360795325,751.3232912347422,97.49382475785659,0
63,Male,38074.35461836234,758.3871730773416,95.50634931281957,0
47,Female,42615.96039153934,697.3531068103653,108.93197999737363,0
47,Female,52550.93141285051,665.1479235505346,101.9185124328756,0
50,Female,45347.093132759146,756.8944107321872,107.51416564477697,0
24,Female,61349.609796510034,687.6924300004863,96.32214196411009,0
27,Male,48139.80486182428,731.0776475698821,99.5645885064632,0
53,Female,44597.2739841175,683.4803861683665,91.18764534129511,0
41,Male,56507.29617661967,654.3328298223726,108.65917942618509,0
20,Female,45840.91611720673,603.1386858235168,91.64536544617046,0
35,Female,48048.81110489995,697.7883640369578,104.5426827251928,0
61,Female,46684.55796623936,686.3987762447036,101.14052304222133,0
47,Female,57404.502730541295,706.8060152135254,103.20240418486247,1
57,Female,39359.06393575122,697.2033248002537,97.72242394436677,0
20,Male,47470.64171454048,751.8215735000576,98.57679798632589,0
42,Female,50779.505545095795,761.1213037885306,93.6436120797536,0
45,Female,64105.14802360056,676.5219301892865,104.5059431122026,0
48,Male,43834.53429894891,668.9570887192335,98.6487025197288,0
20,Female,62297.79072703633,742.1701605223392,107.66849350953234,0
46,Female,34722.70647907457,713.244803483817,107.73957087551487,0
53,Female,50831.18165992325,747.2251720942829,81.81362790762721,0
29,Female,31927.262762148548,670.3100968779065,103.93195278317611,0
54,Male,43994.08583098036,683.8937858700724,78.48352067063712,0
58,Male,48704.50723811276,696.6112562684038,91.29450611556237,0
45,Female,57473.578370206174,769.7540937747506,97.79113696579161,0
42,Female,56713.24144985065,680.5326841823436,115.08567485118144,0
53,Female,37108.55940515693,643.3458664103798,114.60404835978633,0
37,Female,62375.682098492405,685.3466666386739,89.76261296411597,1
33,Male,32475.468606884966,714.7998088959836,100.96883026940954,0
30,Female,64691.99428384408,699.6724476130208,92.87560390576698,0
52,Female,50689.40614007076,723.0045384118275,104.83787048669423,0
34,Male,53489.31310223566,661.9250924283353,107.31546084494339,1
40,Female,42371.31443848729,703.9845732018625,87.44515403921521,0
52,Male,47492.1086389967,687.6275088950545,104.19406057775436,0
27,Male,55422.00529678836,734.7445085692834,80.78615967168126,0
53,Male,45494.31983876263,709.3349165281412,101.38694783847252,0
54,Female,53158.40208947879,754.3793952287295,102.81234899029684,0
63,Female,42630.42890459563,632.7869792406668,100.00795068287754,0
45,Male,49715.01242061884,712.0900225451745,105.085383407342,0
43,Female,57981.61134426207,687.5724035400114,87.39188140850337,0
23,Male,40865.14435217792,592.4409809357561,99.24151795438527,0
61,Male,52319.974595215026,703.0816386621731,100.7387778499372,1
30,Female,58430.502974070594,616.5089592936414,116.75507559257508,0
61,Female,60661.53170106497,626.2305008410955,83.90366225007612,0
21,Female,66237.52175629846,660.4756304730344,107.24134337079595,0
59,Female,46823.91345873129,684.5477944014484,99.3524372861709,0
30,Male,47736.43260443675,693.7292101044092,116.2383271083702,0
30,Male,39443.18280087849,765.753682761661,117.75615473639891,1
30,Male,57377.95500256689,704.3618526551064,68.33510253597001,0
29,Female,50542.7472253465,776.2808497929151,97.3643006096348,0
62,Female,47188.236095690234,673.220038522384,100.3652985217221,0
23,Male,58262.581487755226,633.7740183424601,89.83147112702069,0
48,Male,59347.64970912266,791.1425076552414,100.67420942409409,0
46,Male,61238.71421267413,759.2067672402129,82.88834020206205,0
19,Female,50754.33447305223,773.3726592367033,84.39984839686277,0
19,Male,66595.91273665153,644.361608203513,118.17762690539143,0
24,Male,53680.01730274624,717.1093219529521,106.44258746987846,0
54,Male,40809.09399583765,869.9933977565398,112.14032673850441,0
29,Female,45229.63052856857,692.1072581526355,98.04581714548564,0
21,Female,51402.4819467363,721.6869012619163,83.87225610230257,0
49,Female,39372.95733124547,703.7945022208189,97.96346731197173,1
47,Male,55911.07983563812,626.2084023915506,97.8296612346086,0
34,Female,53356.83479464738,641.1911605287451,97.22412970143832,0
61,Female,60076.50295159995,647.8786956981685,77.80451440584727,0
44,Female,61330.41454046845,620.3944219591847,88.14045038265155,0
24,Female,47650.942666336116,766.6641474868333,125.66980950125397,0
50,Male,44118.910161674365,674.136633401858,95.76341707947667,0
62,Male,32483.893016527632,684.3689654104166,109.98787138342328,1
22,Female,33389.89612439617,644.0893221743077,105.67993154894182,0
27,Male,46893.614643175744,665.3640318913867,97.63017777363252,0
42,Male,34852.71911905051,720.7379308291622,95.46915328511454,1
37,Female,45421.488237558566,660.6562639176558,103.4935182396658,0
21,Male,33566.11033584371,656.4606734097589,101.00935633425081,0
39,Female,42909.21126021327,664.6576635645209,103.35391286519221,0
30,Male,53720.12385844934,697.9578165059747,101.9910827395083,0
42,Female,65219.40871584841,774.7427451595196,98.78656177200806,0
64,Male,41248.571509935784,712.809840764964,92.82908581649727,0
32,Male,37609.714135783,648.4037505353416,102.21793267157248,0
40,Male,46951.68932156503,648.5409523318025,98.72562079681974,0
30,Male,56585.02552882002,640.944854709006,92.64067859332468,0
52,Female,57277.78986524811,683.0572882494733,107.95613622783955,0
59,Female,50292.77951916602,757.7314368462438,102.23976136905127,0
38,Male,37356.521259104324,795.8839904856388,92.93663776770076,0
42,Female,39475.25789916411,692.5803974763054,110.56839582908562,0
49,Female,46387.36115106687,622.4708164311431,90.60024000481579,0
37,Male,48166.554104543866,781.5360157476432,108.78176975725097,0
28,Female,35937.081506789305,636.6297401340884,99.07435961630713,0
22,Male,40194.0201677944,627.7841636047688,100.02448422200428,0
61,Male,37577.93315183303,667.5052458273055,93.4457524406111,1
48,Male,54266.43573090415,793.2868373957317,108.64352714330686,0
49,Female,43418.58299962968,687.0912479150546,120.64229988469316,1
50,Female,44000.941097591356,725.2259382191629,105.84083879244312,0
40,Female,61707.779848956496,716.5136585676952,96.62084790225668,0
45,Male,35824.6572359862,756.4410334793419,98.38411063323557,0
51,Female,47269.733426698556,728.7960088553851,95.23121637003355,0
52,Male,48172.39972416677,734.0564585365975,97.31572969754896,0
47,Male,43194.254667484296,717.6980133325216,89.38194785263585,0
58,Male,46450.330163367435,688.1483186865784,105.53460974782675,0
26,Female,44843.43134916275,644.1814857464674,103.07235922240463,0
55,Male,56203.632087608545,664.9503232371451,109.8385922876991,0
18,Female,39923.25602772905,639.6734107623399,94.9988221301191,0
41,Male,62026.144535646505,727.9946188705196,103.2464431274932,0
59,Female,50529.20528978307,712.7068616356103,105.88113463308952,0
43,Female,59337.68830739175,745.9295972230695,92.21276453653857,0
31,Male,40071.3176483673,611.1511213013259,117.42770860425962,0
23,Male,38867.571390793244,715.2217488943451,119.32318171827909,0
44,Male,52203.11795046002,728.7351258549992,99.08166130799826,0
19,Female,30373.507773984278,655.5205986288386,85.6202360299913,0
44,Male,58071.78504087716,684.2201968404236,100.86467238195193,0
19,Male,41225.318979625794,688.8836809636981,108.78076269517808,0
29,Female,54494.984499781676,703.1738880354217,97.49504610669538,0
45,Female,40276.919690461065,712.8374482858814,102.84065944426366,0
60,Female,41830.41516251807,705.2561786726858,102.45022522150147,0
30,Female,55938.98626862159,747.689410092068,109.51471157009037,0
59,Male,51052.20481373586,722.3331287686863,89.09725931061163,0
52,Female,69167.48408852768,679.4646164616416,114.88607578290282,0
43,Female,47895.659513451086,661.3003475820037,110.14934414256722,0
44,Female,48178.57754600487,727.0426827855948,76.2908946660614,0
45,Male,64288.25665091582,695.0525923904388,99.84097208429948,0
20,Female,48284.93217097577,685.2630226287345,98.65009709724835,0
24,Male,51991.63541063992,762.9385788511067,85.31618212245606,0
59,Male,41810.37745217879,717.8035631433501,103.90887458716952,0
44,Male,45259.97268976432,752.1271290720491,106.10115448119996,0
56,Female,42708.17666347535,555.598346315882,96.89584805018086,0
36,Female,44555.65452829169,687.3559703144417,90.97164692524446,0
19,Male,62688.63959081995,778.0062211026118,106.16083369826833,0
36,Male,44387.70026892632,657.3299589059357,106.4565196619745,0
63,Female,64073.65264311459,593.7232195807718,95.92755102040748,0
35,Female,53613.06191501595,707.5004990406003,95.95084839857012,0
31,Female,45635.60682703422,610.9119699154594,86.03326295468906,0
44,Male,60474.55957618341,668.078811779026,92.02654361074829,0
43,Female,48869.27298993615,703.6241246452482,101.49240257914433,0
26,Male,58423.37745917607,593.9385552352862,98.8522202692046,0
41,Female,36553.39421251755,661.8558237623508,90.61048975126079,0
40,Female,39527.70230713042,729.3393333881208,126.24682632725857,0
54,Female,78996.23330199972,720.5188221616022,92.1084759757049,0
47,Male,58238.455591118225,776.0741825885741,95.73469250312301,0
22,Female,49449.73195034265,666.3665708408347,94.92387788148557,0
41,Female,47677.135409712515,782.1943886446556,91.13478977208757,0
44,Female,42419.674604652035,652.1922041479196,106.77277119119498,0
43,Female,44784.495421507374,728.2117834665916,112.7149850752142,0
37,Male,52558.45822901123,690.0931300978606,110.18191721005424,0
58,Male,51461.891079952926,628.1144505856245,96.15842617475127,1
50,Male,60910.48221749576,769.5223860572935,96.20608681182767,0
59,Female,57700.50471368376,712.4610627622257,93.38379659021078,0
61,Female,55125.898410536356,717.8297974777631,114.00792914333113,0
43,Male,41565.25782345372,758.8063712796958,95.54372778162944,0
27,Female,65469.97046952498,626.2144915070269,92.85702464414057,0
58,Female,45005.80609443057,656.3007674769432,121.4309832697756,0
27,Female,56645.81977494634,650.3208799207297,91.23698383916914,0
52,Male,49083.45692194047,705.1574212385619,91.41204843557921,0
23,Female,36349.825790604635,713.4859884116269,92.44326994572425,0
18,Male,53398.46080310706,642.9961518990573,110.68562827303347,0
26,Male,42571.42419602567,653.8003335184081,103.81574026954199,0
50,Male,50685.22105706964,668.8958325131848,115.04034772522849,0
61,Male,49448.57136319718,669.5627416588786,100.49397387997114,0
58,Male,70013.5513483302,620.208609217795,96.18293886811581,1
22,Female,52486.723409693994,723.8605939052319,92.82119668141058,0
39,Female,52645.71205921869,694.3783604221074,114.69425467172618,0
39,Female,68692.70623518906,690.8600824062437,107.83692835467197,1
61,Female,36482.62791161968,700.0341213840555,101.4207699323911,0
24,Male,45048.45660127394,678.2300664733476,98.50798161033723,0
46,Female,56821.10098860022,794.3730625817951,104.62153246519962,0
39,Female,34979.99003475811,665.9938590029151,112.65466655983307,0
28,Male,45850.99906319584,558.1693815387237,110.35387545829718,0
59,Female,58042.254122165396,643.1952096310505,108.27693550918342,0
55,Female,45964.411976243195,708.3255747474797,91.27069659968959,0
34,Male,67922.73786382783,702.8722526093626,91.1006214354783,0
38,Female,56232.57721405317,748.4022696466325,97.1385523147479,0
53,Female,52296.87387548646,668.0750995902648,98.05364449452452,1
29,Male,59998.163469283914,710.17116510543,102.9242385745137,0
23,Male,48238.97140858791,757.6495895151853,108.37796782431741,0
37,Male,46022.60456020681,622.7394833265789,115.6497319967407,0
38,Female,51316.081985215824,636.0189538312692,87.76029899637518,0
18,Female,57650.163930194445,779.1944218724391,94.45146546270243,0
38,Female,61344.91212719894,726.3542697676277,104.59588355902648,0
61,Female,46870.847947061906,730.9196222052897,90.22937611585846,0
20,Male,56478.667679804916,680.3600349580174,89.0199949065573,0
51,Male,57221.59010009622,699.2993496953598,122.50253558923077,0
46,Female,47207.35677410938,566.2213666669393,88.02100597160937,0
59,Male,50129.78844139375,633.6521935495695,92.80161160586893,0
62,Male,59078.43728818717,625.8535470704766,98.78271871439634,0
62,Female,47601.18369034156,798.5335741315087,103.85664756355712,0
28,Male,54571.65913394911,694.7042491911765,84.26712937093184,0
62,Female,55071.0170722157,722.3175022620245,107.5505829662977,0
34,Male,60943.90416367233,693.1791093341434,108.26363987990743,0
38,Female,33095.02525207502,671.2488412156421,96.53875616870778,1
20,Female,70260.75477437569,647.9520892866574,108.02539317772283,0
49,Female,59457.7798682539,703.9553741913494,103.69414854580486,0
38,Female,48067.23508699771,624.3069379355459,90.10078741659703,1
21,Female,45120.20182489188,593.6699065583754,88.76521176487529,0
54,Male,55790.948204760134,653.1439944564445,101.72268897556006,0
50,Female,39969.791062716584,731.0512785288416,117.4217649954539,0
51,Male,41503.83778172429,755.7819810373115,107.21716682310317,0
25,Female,55645.99049917649,758.7735950030385,94.51153224328391,1
38,Female,43216.29567826805,706.5326300683071,108.17190904521543,0
23,Male,51256.4995666675,787.8278202265328,110.47122779020835,0
39,Female,52575.067284842706,681.1741572941444,98.89665087185027,0
39,Female,50229.07794765719,750.0178477487573,98.10369168300385,0
23,Male,43938.48154386421,697.8722508941809,85.5544878067689,0
47,Male,37513.29403201456,678.1514232758874,103.5742263421657,0
49,Female,66464.30132703569,711.4195890760268,93.16215546699455,0
22,Female,48231.14641733939,735.0593919132489,95.02774693805131,0
59,Female,42705.867544770765,692.9951893462909,98.45102191831019,0
37,Female,55063.90615863293,629.8652643044142,108.90924515382378,0
26,Male,55866.273461356104,753.0100245783483,109.75994594579626,0
30,Male,38835.57866912069,683.3369925434066,103.30534252720238,0
54,Male,35471.6469921957,652.744619992234,98.34719585124553,0
37,Male,38129.1192768864,764.4509520858187,99.87638871061272,0
42,Female,39608.58100097349,726.5055867244677,94.02406968676138,0
33,Male,51291.61471353863,684.2468874224935,99.67932382520716,0
28,Female,46930.03110458362,683.7756932023206,100.80496024076928,0
21,Male,51513.0329260052,682.6532948498849,100.60281531847667,0
36,Female,61398.802711331286,651.5345614660952,115.10452913185615,0
28,Female,56650.21111309765,701.3152652702247,99.83649570828607,0
45,Male,36064.845629948875,696.3135158592652,96.63355566417616,0
44,Female,39397.95619251157,760.113639254147,120.28368746929156,0
20,Male,58265.432962435625,622.13717584197,103.95280072630104,0
28,Male,63357.044324991555,740.5151986439812,109.05309721218005,0
57,Male,58279.521657265504,695.0188707849114,99.35258306938616,0
52,Male,45590.63224362786,731.4884250766013,101.15542683160676,1
29,Male,43099.18393191833,839.9682929060284,93.92466237224453,0
30,Female,61909.54579437508,729.0046761626476,120.23103673700757,0
37,Male,69810.3858237949,738.9309531106006,97.74803123416564,0
18,Female,51899.679313598346,725.7400108066762,104.21702473162304,0
49,Female,65501.55837627346,752.9448143579765,80.12477130196314,0
24,Female,39320.261343860126,618.7361663274505,113.94886453497259,0
57,Female,53230.048943262576,722.5613977078885,104.85543891491294,0
21,Male,51266.708226901115,734.2394507534812,95.95804774917862,0
40,Female,45747.435686060526,671.5963668655418,104.72693966097196,0
42,Male,45906.039057814014,655.9843543920925,97.46628788093757,0
48,Male,65588.80555468507,740.0897869807773,94.22070770758408,0
19,Female,59929.046342952905,667.3333750563037,106.31733538041138,0
20,Female,44648.39096037364,708.7732248640223,112.28780266652491,0
33,Female,55630.20052954903,814.254664603695,85.47995856115827,0
49,Male,53482.69983870462,779.1709783153825,96.21924260454288,0
21,Female,64599.44391336014,695.5583179932113,92.80043734364222,0
32,Male,58183.21788267897,651.3768103767535,107.97872611946077,0
44,Female,30855.855049317004,618.6220881769484,81.38198218154857,0
51,Female,57900.81559780008,705.3525249596627,98.93631031750141,0
52,Female,47001.08529703558,779.7285920123625,100.12571965934437,0
26,Male,42727.41966830337,700.22617042866,110.77025817740682,0
44,Female,46780.008638635554,701.1050535317512,113.1401668768121,0
32,Female,50789.843067536356,695.6610393481632,107.58719263017278,0
33,Male,50284.40968780387,663.8329805656551,92.23533503400112,0
20,Male,43330.41263266936,701.2716033556661,98.59622662159478,0
38,Male,63591.18921992671,671.1842820656999,108.90567691363144,0
37,Female,44180.695313550066,689.9399923264823,87.31982035910715,0
50,Male,51724.521263667775,705.7083962570214,100.34862324396389,1
18,Female,46703.13289994196,711.6491203244676,108.12202605295556,0
63,Female,31509.245046131196,574.2110660799657,82.754688486408,0
48,Female,43283.8114263644,723.9354965022684,94.26658593923887,0
58,Female,60661.12236435375,726.8976805413706,118.71147708758868,0
51,Female,68926.28561524674,722.7107398365268,83.88243343227707,0
64,Female,54305.80985638451,674.7147764970986,110.01001876785604,0
19,Female,49936.463684590344,675.6900284070781,92.37684565800468,0
34,Female,67056.69661562488,711.3689190725925,105.77482739087435,0
51,Male,37080.439695904875,751.434109176509,109.55062275257468,0
18,Male,50971.52597022645,611.4153689712089,93.82402052804797,0
34,Female,49290.936699165795,711.1265274526311,94.41657061705054,0
20,Male,38147.6499245192,692.3986270761601,108.34954176544417,0
56,Male,51833.24602966332,644.9178972126908,106.25571001446606,0
29,Male,53877.884994568856,760.5868632900847,91.08520018075369,0
39,Male,38086.79418223529,758.3639466185587,95.64683652934237,1
24,Male,61738.648299302906,680.1685678760172,106.07780625900588,0
44,Male,49069.18934651987,802.4304891159748,109.67886371203032,1
48,Male,51951.30569455618,630.853546300783,84.50945171134316,0
30,Female,43985.514522382204,709.9425020038256,108.17609016307918,0
27,Male,48628.31281348578,698.334871535025,90.94232746371803,1
54,Female,49059.24690832265,687.6273901956171,100.85278775871303,0
24,Male,50292.630363145094,694.0079380465021,77.36690023146167,0
32,Female,50417.05200612472,726.4867866979348,91.69157265509668,0
57,Male,59291.452835938326,749.8280686808544,97.94756937458254,0
57,Female,55958.54200915901,693.167970773856,85.79043100585226,0
23,Male,45995.282444611854,718.656316255136,110.4857539513368,0
43,Male,50988.207200607685,680.9440563853349,108.50212469552882,0
25,Male,44838.1468873048,732.5049878256956,104.02347919433129,0
47,Female,62802.70714547004,666.1939758479855,99.72997501966901,0
29,Female,57614.065079603686,730.9492313868839,98.03929978487723,0
37,Male,54564.671663349916,784.4401147508763,95.88126509990676,0
31,Male,40996.2001185059,710.5492212149478,94.67584744016686,1
44,Female,49931.81880094102,652.3434534486828,82.34009956886285,0
39,Female,60877.57171394285,565.1036548382691,89.84677731422248,0
20,Female,45365.58889476194,738.7432239934399,102.98742313866693,1
51,Male,38153.09532183845,620.343513039255,98.76968470400755,0
22,Male,42807.454397444126,691.437018111896,112.94229250732879,1
42,Male,53932.10394758813,701.743976266533,101.21878535825766,1
36,Male,43411.18304246734,730.3648590123888,87.4966148791238,0
22,Female,37329.858006989525,662.9648792096108,105.28445219503675,0
64,Female,61752.03346627823,792.6897571471542,96.23205994362476,0
33,Female,51586.48598606198,709.6877479884829,95.27272904241384,0
46,Male,57752.24430247614,710.6721074165716,97.54255658627085,0
18,Male,51452.76214437644,759.5970907544329,92.8014019386,0
59,Female,52698.014751478295,726.1993261650872,99.94271159640873,0
37,Male,42429.41519069432,627.0048561912726,91.98381863380467,0
40,Female,69133.27464333692,674.4621729657448,93.2140008560468,0
48,Female,54142.636061793084,712.0499712804416,98.70011193460418,0
51,Female,34553.42889375438,699.0792768228686,114.02062409188451,0
59,Male,66697.6625532061,721.0317463045783,88.15433893447702,0
48,Female,49247.24544649196,646.5869103818397,113.71234912233277,0
35,Male,49777.522428418735,725.3506692521227,118.43928328849657,0
54,Female,46360.36412295574,666.9466013979353,92.52631840222118,0
49,Female,43748.29282911922,741.1290152265145,97.75665580104099,0
53,Female,34830.238040115706,655.6955916792733,100.33770730896426,0
52,Male,60339.020891672546,653.2167139654454,89.7845163417035,0
24,Female,43731.85157380152,694.4210057714341,98.52900232135012,0
42,Male,48889.71475889844,732.5673981252718,111.77199052311883,0
30,Female,49564.728714292694,656.5412868751864,112.23326217293028,0
41,Male,50867.36596393819,565.6351408945118,91.1454847893617,0
49,Male,48459.44916311665,678.9945435759196,107.73379694175601,0
38,Male,56597.60693082215,714.1896195980573,94.3327630101893,0
44,Male,35216.919122559564,662.4237476383017,93.11517397552991,1
20,Male,40129.26700438262,637.9139148312008,95.12314634418982,0
47,Male,52537.65341108013,692.6025469653821,94.76087446021513,0
31,Female,40813.31407731303,825.5075794747081,102.73063574383502,0
62,Male,50166.428437614486,680.9261818672203,92.92631445485313,0
48,Male,53125.783389457836,675.3274708231291,107.86046688775028,0
63,Female,36688.01291466919,680.9846730374474,115.46375133439014,0
51,Male,52324.55518675972,726.6043751135575,99.5599172693747,0
57,Female,40086.20592108068,670.0950983833895,93.26463416444385,1
41,Male,67453.45467874093,760.808107747437,91.9915114671151,0
43,Male,43005.723961746226,730.0296683901078,101.84468923028287,0
27,Male,56114.9108857457,793.1629485126963,82.03878305141734,0
26,Female,56956.37904258766,673.5740030805299,84.21712992503453,0
64,Female,40449.09489838577,729.4557556762489,93.50064111024493,0
29,Male,28116.463334135373,706.1031168073056,95.38978442562541,0
54,Male,64361.8387940061,762.0101498636689,96.98914041640391,0
20,Male,45322.84971178983,634.8658843712394,103.43038235764035,0
18,Female,31868.822361485116,610.2830084002942,105.55431856933758,0
29,Female,60271.94045369125,649.3899826452312,108.76060061302147,0
20,Female,54595.90305529152,625.8458284467899,102.51053466364719,1
42,Female,52320.20571398552,727.9849611551653,103.51721992909135,0
27,Male,33315.74451040442,619.096863360437,101.07646557592275,0
30,Male,35756.140981056305,693.0947811724278,99.51663369505546,0
46,Female,49329.851636321386,706.1101019126965,68.49357480176593,0
32,Male,44081.29897937977,735.4936881845468,99.266767456821,0
24,Male,45822.22068066053,663.5973103548909,94.80532956028107,0
33,Female,55022.20290975559,717.2257916125088,86.05191719828478,0
57,Male,43250.452911022076,733.8679940807586,109.33488663924933,0
19,Male,72092.69110036985,693.9758102569604,97.02530242169216,0
34,Male,44289.38041112766,663.6481387357848,95.874291490075,0
50,Male,52826.62036324327,798.4494046961948,102.44534790915316,0
48,Male,61751.279070902856,658.7918414357276,105.00914978606778,0
36,Male,57193.825266286345,671.0676053097494,93.964304202041,0
62,Female,57947.60739962702,703.1528336200297,86.37486837737825,0
31,Male,35037.14517616667,736.020208743095,96.27241029240044,0
57,Male,58364.08272688498,674.1595496675867,86.10157339723402,0
40,Male,36679.912942730385,678.574835177192,104.48071323309912,0
49,Male,54638.985853057064,724.7540661773589,108.10076783684023,0
52,Male,49988.509524667534,692.4221196579437,83.57475550830735,0
38,Male,42380.738574836905,668.2857393003503,91.92363415659024,0
30,Male,52087.449146561965,699.374540833511,95.88068348131145,0
54,Female,55287.386034793635,663.5296390882696,101.11800700050041,0
24,Female,41826.3953904754,699.2481925526822,111.09048031750702,0
18,Male,50314.6898984654,706.1509276686671,106.5537211591637,1
58,Male,47120.66628671944,584.7065941286603,115.42716643968056,0
31,Female,54254.39430386007,722.7846617455727,93.20387510445578,0
47,Male,66316.71909925903,674.5622785007661,79.60397188021017,0
56,Male,56811.597506258346,686.0390176860225,105.38704858148836,0
25,Male,43017.08071985371,736.6867238594415,119.43754510667493,0
43,Female,62671.05589910374,740.1888381607093,90.42189592577591,0
38,Male,56262.566979406416,772.6813375591782,95.21170181427051,0
38,Female,69158.50033213777,760.8585046188515,97.26105848938712,0
46,Female,50666.77872921333,700.8976274735064,109.27834235682258,0
61,Male,40994.01348838537,690.1727713290702,115.96569618067709,0
48,Female,49796.645340998664,663.4868632838588,95.1135206956139,0
41,Male,46456.42473683165,610.7308734970866,94.34252212863974,0
64,Female,56684.34679986185,690.7695863102473,93.03546503578252,0
18,Male,59003.99848535053,733.7133475085374,91.14089692422141,0
30,Male,34411.153114960434,654.794901922202,94.78480052521097,0
30,Male,53005.8644728282,682.334772305142,93.9427638515034,0
22,Female,53365.464900792715,703.3302822571027,100.91048004526685,0
54,Male,52752.94907556412,673.0875196884557,95.80837406350818,0
63,Male,53912.55423866903,721.9939740260286,101.6703824782283,0
19,Male,58017.92472312335,772.4433973424291,106.63089590925082,0
54,Female,50809.08523189409,784.3421546503429,97.90833531251901,1
29,Female,53033.90598835612,694.4570576080001,85.74174506369715,0
58,Female,43421.3533189509,655.7889536025032,85.77337290079178,0
45,Female,60406.11979606671,652.1483218350417,104.74016261140095,0
35,Female,45198.31323090296,688.4302635002222,114.52533840923931,0
28,Female,40093.973479185595,742.5783452143825,96.66675660996175,0
28,Female,45654.47978083593,767.0539288971886,101.36856616796484,0
23,Male,37206.57923774783,698.429968493498,78.18928318418244,0
35,Female,46628.017688274675,751.9174681061776,90.12369760490901,0
61,Male,48187.431714010854,601.348571969703,103.25866458860294,0
38,Female,47224.69715984343,740.6690288396132,84.516029802396,0
53,Male,59570.161404449565,683.2511645768966,99.63692814738116,0
60,Female,48828.14598583258,667.7783908821192,91.93856380357619,0
34,Male,33557.67005924163,638.4820148819493,93.10776693943197,0
31,Male,47967.69489532492,814.8426321135516,95.39015173893817,0
34,Female,49107.24207434721,677.3245729060684,91.99640764345934,0
62,Female,54364.613598933065,729.1525376889011,97.45455587816248,0
26,Male,48311.491816170834,760.6151557269417,70.97646834279195,0
57,Female,53572.76265615582,570.1339684344746,98.20825943175568,0
61,Male,45055.22430154996,609.893847968689,100.9889738065869,0
38,Female,66495.5106680822,672.8102875403887,83.33859661349564,0
45,Male,51951.956390928,614.7642790315571,103.64674424643681,0
33,Male,55317.13251625425,738.1269007148886,102.55713495228484,0
25,Female,50034.12974746563,674.1444626344525,95.43442626760154,0
48,Female,47085.10481327671,774.3641952703979,98.2589565954592,0
25,Female,50434.352529460375,805.8996340612382,115.17305492102629,0
37,Male,54626.93188571444,707.6678172547196,105.0401463452097,0
29,Male,63082.16211255895,709.1630802595915,92.84947918428831,0
41,Male,59824.776089422725,565.3400812629349,90.70647077292016,0
58,Male,43867.70594704561,656.2030923334692,82.13016308255985,0
24,Female,50510.738167598494,727.4721348477651,80.39575559220746,0
22,Female,52782.20881014771,715.9201631014051,98.21849554366811,0
19,Female,48599.233887251175,821.9513696307251,105.69479564430415,0
36,Male,34621.28660611488,762.5247692789549,85.07182394462383,0
21,Female,56254.953164733895,731.1434042557496,97.48403701351458,0
26,Male,43449.582107443166,780.1848921437125,115.18719999443682,0
24,Male,47233.40582141532,730.6849402421384,100.49577319070822,0
51,Female,64037.473852765615,734.7703256858002,104.34858262369582,1
42,Male,55043.25663966298,797.8364170763936,96.01871293675774,0
47,Female,60157.929608897175,718.5661528270916,100.82748451121087,0
18,Male,34078.90979851655,693.3227663431891,103.1137942307328,0
63,Female,42736.53628041844,798.3686837274623,101.12856996644143,0
39,Female,52595.53123691037,701.7486044200325,97.94071282644244,0
29,Female,54762.781868954386,705.4134530888997,92.50104161654822,0
22,Male,32077.528482623136,650.8922187250708,101.66908047230552,0
34,Male,44944.49342541058,666.6790950441975,87.93817369054166,0
40,Male,49922.568938855286,706.3166963176941,94.65747692061824,0
61,Female,51075.851997354155,669.5272862588158,98.81775788015429,0
23,Male,73824.71390605166,700.4725462902057,104.96997388639717,0
49,Male,61577.95947936717,664.5478312190821,105.55452860046132,0
55,Male,65016.23983860167,716.3377899520796,92.08557671357788,0
52,Male,56237.76620616427,659.2767353318557,100.1402406331849,0
42,Female,46461.45947344739,714.9134175742325,110.54575841175473,0
63,Male,44136.94784318614,635.2995034092187,108.23650157700918,0
23,Female,59993.35851477882,663.409894374998,101.29541314817817,0
26,Female,40084.659065803186,693.0802528596048,102.69480961924862,0
49,Male,43967.66277019197,730.0117335305312,113.10926578612535,0
50,Male,44295.24932315064,647.0906938007266,94.04508445203511,0
35,Female,43991.60555812514,666.2906598208559,104.57178911342608,0
33,Female,57025.24409971946,585.5638699748532,116.31965110004681,0
43,Female,44430.291673074804,728.2925257883351,101.90347158633335,0
38,Female,46410.61887766566,694.9931065949504,90.43233297439976,0
58,Male,66633.78064902239,742.3841907180714,86.75337528860021,0
57,Female,42922.93686075852,744.2755463403975,99.75501340613224,1
52,Male,53564.65662280038,698.4335886653957,106.51320506423893,0
50,Male,40324.38557302176,654.1818112389359,102.59884080783642,0
56,Male,53795.82134828301,697.0784821982808,109.34697146812482,1
49,Male,48238.940061052366,683.6612902368694,111.8068913623485,0
40,Male,40446.71012840458,695.931786004475,83.54981133788185,0
38,Male,57716.774025993655,690.6611730664079,109.42021307797124,0
35,Male,43351.400896989566,729.9613128142465,102.7654975639064,1
53,Female,53375.8011936551,666.0051005403863,100.53167339972558,0
40,Female,59230.77770357192,650.6018815367225,88.2029519766019,0
50,Female,73587.9328502887,761.0457640078736,98.22489938149732,0
53,Female,42113.34629538498,670.7469767522879,97.37162499283264,0
42,Female,38456.595043841946,730.6894808939684,107.3046464798809,0
42,Female,41879.376819336605,705.836635724359,104.02176688929828,0
51,Male,41541.969438880966,728.1726093694133,88.23353505231371,0
39,Female,53675.21727091178,677.9195386758244,88.17105832140187,0
29,Male,36851.45281253671,692.5812166296994,102.3840572588967,1
51,Male,53103.62937742636,657.5172138485151,88.07754768085803,0
56,Male,49390.8339517191,692.7067453595979,96.6148264944532,0
29,Male,58494.629355812605,786.0439960951516,98.9949758547713,0
37,Female,46373.827671621715,753.0829558722774,75.04164704582345,0
53,Female,65647.58930895808,650.9658290647419,96.01476984447496,1
55,Female,37721.14505931619,779.1388476156193,102.91030714038438,0
58,Male,36301.366722024344,725.240789302322,111.38370642220332,1
21,Female,50525.91415485221,608.0673210592189,100.49878327094096,0
56,Male,40837.28963656777,681.8500243104717,77.53849045731292,0
19,Female,53579.36465920984,693.5878588007573,119.17865590619786,1
32,Female,38986.12343618825,717.2270568988339,107.87100965721389,0
53,Male,40731.220224636774,698.237113848267,97.6842416033545,0
38,Female,41951.94706168261,713.0358237118439,106.86557530560921,0
62,Female,61404.642537021646,753.503569884433,97.44639136198383,0
47,Male,68702.96592532854,673.1460605696373,115.36551983832557,0
19,Female,40112.45522173973,727.4631776908241,89.49334042085302,0
21,Female,68574.38014123758,766.5106530845484,109.86534071437197,0
50,Male,42478.53933592897,713.2029378637837,94.94235411396919,0
22,Female,57880.61488087103,767.7945687575206,113.26179403836292,0
48,Male,50497.77469737315,715.916205914236,100.45462426853452,0
40,Male,51995.54635748348,611.0881193987747,85.40001908069507,0
21,Female,53754.84822845216,775.0325809058511,90.09351775580151,0
43,Male,44485.955166039515,826.6526912746501,102.99490446499512,0
22,Female,49912.763215817184,716.9919968736117,101.86996094506937,0
47,Female,46533.94102336577,722.9825977265166,112.83456284652662,0
39,Male,41453.398576482636,676.6999146983917,101.92767760009168,0
48,Female,33931.25156281362,721.3814622539452,101.82856963330269,0
32,Male,34910.401846783054,581.5015463327571,102.9582041751395,0
26,Female,66409.57944094825,734.5283640499082,94.65552264091798,0
38,Male,46628.806526572385,732.6707506692267,103.43761271590297,0
26,Female,42886.25849283481,674.0058281688833,98.55352537509467,1
52,Female,52148.48612155684,785.4534970292885,79.59031107821812,1
25,Female,36778.44485967261,726.9846671042371,90.03637470971563,0
19,Female,47881.437648366744,656.1675654752819,89.43936945439977,0
31,Female,42528.41321517591,691.6274558938313,95.5513601884635,1
40,Male,42304.36899007509,655.6207269136246,106.06150159156827,0
34,Male,51669.26471068941,684.5461302567045,117.62580123059797,0
45,Male,69252.22493256371,694.0025118312552,90.81562742738126,0
30,Male,49816.73950381739,772.4391470436593,89.21242978867177,0
28,Male,55752.35819285332,772.1038524462119,101.47772975967109,0
24,Male,36351.2225366151,654.0247213111634,120.52171786301585,0
28,Female,43425.6856541326,752.3660191115861,118.97402154842678,0
55,Male,47142.52750097681,727.9465590048092,88.26847613616002,0
27,Female,52979.38413356487,707.9113527904502,100.00013227195052,0
63,Female,64822.33105915994,759.724703461609,98.67998580297137,0
52,Female,32594.822493091295,709.1970649116125,96.10567088189218,0
19,Female,36462.10955731821,674.0602964984946,83.30239376943449,0
44,Female,50522.541560216225,725.9814121306005,112.02932546280385,0
54,Female,31127.34550162392,719.271808316733,105.14255444238682,0
30,Female,32796.08537628594,672.0432411337407,118.95312231353246,0
25,Female,56039.065889584184,640.0446589540975,97.25105728661687,0
64,Female,30910.66808627554,708.8209955702944,108.41171211830972,0
43,Female,55191.02020172686,718.7216918887929,96.95119282429721,0
35,Male,50086.28284168328,726.4095342591027,93.55816286992581,0
50,Female,59706.44586466448,666.9164302650709,103.97746071893448,0
33,Female,44471.45114647939,750.5443509729924,102.48662322704959,0
50,Female,56883.56108277783,778.225836482193,95.19448996214314,0
57,Male,42350.23495388482,661.6063661697406,97.55299167642673,0
31,Male,61844.8669965532,676.9202122001241,115.68929380556216,0
58,Female,51441.04605554718,731.0936065471187,94.91006152234837,0
35,Male,46832.228614526735,699.004510032192,101.56813314979871,0
50,Female,48647.00036297354,748.0171603023961,95.19655792169965,0
32,Male,55031.85387378882,714.4693964407197,79.78245457494884,0
63,Male,53679.459272860244,682.5240803204117,116.26041630921898,0
23,Female,68675.28358941425,625.570118078048,110.3854429788472,0
32,Male,46316.50077732038,696.5246710328593,93.27648290896684,0
20,Female,45049.28155422791,626.1555496043023,102.61489012610208,0
51,Female,53822.12190911798,627.555518599869,86.53827224457949,0
48,Female,62154.77637602607,703.3107940689463,95.31334986257612,0
29,Male,51408.28848049438,707.3486192117241,97.09970689185292,0
24,Female,51306.20848860734,639.5492233668372,104.94522852953709,0
49,Male,62713.56533509852,664.4567328811468,96.74523664321124,0
33,Male,30962.469533535703,789.073724981474,95.934061121021,1
39,Male,53937.489394625794,698.228485494344,91.97826140334632,0
45,Male,73191.54046745558,580.1183152724071,105.88169647011256,0
39,Male,36211.20727415397,715.2708301972457,90.96871121288844,0
35,Male,67799.57694178371,783.5278945867016,93.23063221626882,0
41,Male,42472.58181879682,706.6518547290361,83.73593322052545,0
61,Male,55581.39621955851,808.4696577425108,92.65884800638516,0
29,Female,38011.305674934265,629.731957527125,95.5380198776798,0
44,Male,63150.031743931744,695.676982381152,89.34366424480567,0
44,Female,46718.53323564462,687.8860142009415,103.0103658184639,0
46,Male,56667.773679494276,725.036722254102,101.27183559884394,0
29,Female,60915.472550915496,689.3900881692093,88.45615034230433,0
52,Male,63553.81234543696,675.1699696693531,106.57154562424276,0
41,Male,51459.67045934534,793.4267107914693,104.61510034872919,0
50,Male,55990.12077804911,764.9924853252093,83.02453813352088,0
22,Male,17140.91095851847,700.3719889493334,92.4242575619066,1
30,Female,57239.25344481882,660.0852485043578,89.5678373206437,0
59,Male,40097.25115735267,662.0480628073202,108.07696639235618,0
38,Male,47326.362743100006,631.237087206657,103.01904099822212,0
63,Male,52681.01979620443,700.8505099879823,105.92369387949977,0
47,Female,43381.702650392086,674.470583000945,95.57450611646657,0
55,Male,45810.94798625641,535.5948783510202,123.57665180478662,0
64,Male,34713.32575721771,578.1806259913094,91.15771916081798,0
21,Male,67338.80526994093,726.9287544501556,94.77983301481389,1
22,Male,41041.80246001346,644.4745266951902,90.2188700897795,0
36,Male,56404.92735260296,647.1732072543131,85.6759569590951,0
31,Male,58968.01177896748,704.4303039776705,100.80919428401432,0
26,Female,43591.2237718067,666.8552646814171,86.92567868498375,0
41,Female,36404.10268110786,628.3316729312094,90.91126598557864,0
21,Female,44703.49827400115,648.3765940990397,81.17449132892773,1
55,Male,68086.35217566304,700.5644335195838,105.1648521442175,0
23,Male,32283.161064481585,676.2957916135942,92.90282531155978,0
61,Male,34905.690388935545,724.8501753471402,79.89780940356212,0
61,Male,35654.868467557426,605.4102576798894,96.23081163981198,0
43,Male,52941.51021440199,744.3426677839402,109.56591673465603,0
49,Male,56005.10535156494,828.4883063216381,113.96103746640087,0
61,Female,59511.84893748434,751.7888350206591,103.99147157991209,0
50,Female,57169.652192349415,731.4130629597387,110.60919032958542,0
53,Female,56364.786542277056,681.036425130201,98.68852296212809,0
19,Male,54801.445156490925,670.7907118913763,104.87645711836272,0
30,Male,44151.34543448195,695.6465220275702,105.55982186715367,0
60,Male,51898.51335650134,731.8510853478724,114.99758886413305,0
46,Female,61573.11370878809,735.4975067506589,113.37825734627381,0
22,Female,36328.20155635329,656.1105282672343,104.9722292423672,0
36,Male,52043.69189998132,703.277866620585,96.7808020379336,0
54,Female,50316.65822394602,684.4743078378242,97.57880042132824,0
63,Male,68827.75337288957,706.1406045136865,101.25341271325331,0
49,Female,59080.84487339835,709.8686948686614,97.7035443964647,0
31,Female,45665.56708869546,690.0042302541428,112.79677492105041,1
50,Male,60580.95384790533,698.4360097971403,103.43726804421021,0
34,Male,40685.203724184576,746.03719351817,97.62931184407086,0
33,Male,25588.775701576786,692.0953995441678,113.71516310365371,0
58,Male,75669.43958199825,713.7974405567038,91.4390628759603,0
43,Female,48574.67161156208,732.7977428165381,107.85784536794978,0
46,Female,59905.041742662965,894.0259708437236,105.05700949855407,0
51,Male,47661.94088903555,770.3440749766654,100.929241423257,0
40,Male,36390.42199506898,684.843500668444,89.85015156536254,0
62,Female,52352.074912760065,707.1299419668118,82.01826541111825,0
21,Female,62539.18668431415,620.9569708106615,97.52215379399922,0
22,Male,46068.800400199994,682.4677609427496,78.76788180181694,0
58,Male,36328.46280199098,742.0330523404018,91.72210426134521,0
38,Male,48173.98137257991,652.9333806640387,104.79332657042832,0
52,Male,54152.47227698027,823.3374647536118,101.95148384142551,0
47,Male,60825.098865808926,664.6436181821291,105.39964053491826,0
28,Male,51944.20193867815,777.5330997423155,99.97493872124933,0
64,Female,39870.4020582762,734.3077287052303,89.19812688644139,0
35,Male,39395.86382240958,682.5842571429315,91.16805773841216,0
37,Female,53764.470863114926,718.8737883891398,108.47646946023684,0
20,Male,53830.600117021386,696.9479541605555,102.82578632273687,0
41,Male,34909.057921594445,677.8803407576,104.77866503270353,1
32,Female,70253.7203784455,720.0801396963021,93.69011098555946,0
35,Male,65786.06639411437,686.6877035167336,94.90427144487026,0
31,Female,51839.195641353435,737.1109853411075,108.64314608595978,0
33,Female,53127.20727969149,611.4717490533492,105.03494944818478,0
62,Female,57092.923425531844,808.3929994028093,109.6534564215061,0
54,Female,46454.30330108609,807.2183549227119,94.35414765774497,0
26,Male,48120.10800900455,719.2633802712664,103.17822346094556,0
64,Male,46555.18664669466,722.0916602455,100.79578870120069,0
22,Male,51923.614596440144,726.3469520036922,103.48161067792125,0
57,Male,47918.89703254157,700.1041165954272,97.73091959647918,0
37,Female,54552.59898834776,675.3212841694138,114.79344629291242,0
25,Male,33717.44520423401,743.8175987777505,82.39188825671128,0
40,Male,45683.14594768896,673.1000126135237,119.5428706193866,0
61,Male,60622.04079364199,718.3099868232744,114.79457957620589,0
22,Male,54225.89590711723,645.6513915895367,102.36564415655432,0
47,Female,62484.972346411916,701.9144491589421,102.36403306598353,0
63,Male,45095.82064451812,746.9742616532875,93.1164603826612,0
63,Female,57558.79511844221,783.0350411180714,85.59927822577643,0
53,Female,46938.248409862186,706.3393529658094,90.09298864358806,1
45,Male,42657.581213310004,743.8598224997188,101.11766496765154,0
24,Male,50894.94912710797,714.319400569752,101.26652211194045,0
32,Female,64814.56183199009,766.9941887726079,139.49593657503874,0
60,Female,51796.69330413491,713.006025286711,95.16290625653355,0
26,Male,38760.027787126644,693.2508451458185,112.82244068442107,0
53,Male,59075.25519953118,692.455064978094,87.15114665031797,0
31,Female,59140.31539237373,679.8774756141131,99.88344659432344,0
29,Male,50168.02285870394,753.2194563548933,94.59353483341448,0
30,Female,45396.13449461316,757.3421226377542,90.19829067435691,0
58,Female,59812.749162230764,614.4254053086498,99.53599544671917,0
45,Female,49919.11873821644,610.294246942513,101.30249885975613,0
33,Female,55994.420210007665,726.5569212202354,91.66741684834469,0
40,Female,49820.124648595345,716.2890919465134,107.16886464041396,0
52,Male,42724.87330703299,617.0592333100556,97.17222138852554,1
25,Male,36394.73065282822,767.8258290026341,104.91755894003977,0
27,Male,52027.288650770395,595.9817287391196,100.06006762198857,0
39,Female,69026.05492933809,777.7146321900801,89.0484549834413,0
34,Male,56286.403054632276,690.7959913960816,104.97642512359833,0
55,Female,40273.04291276727,708.9954572085888,101.30847101802104,0
35,Female,54753.58137664725,677.5201250102716,94.06327451168752,0
29,Male,58229.50310028021,798.4741777370223,74.25887994665956,1
47,Female,62116.687216406186,759.7872394231305,94.52096320376691,0
36,Male,47905.51471128966,752.132383525224,97.91048268011224,0
56,Female,71215.66347151228,665.7326369946236,101.37010774023523,0
19,Male,42992.130040719836,620.1964926687041,113.89286892531084,0
41,Female,47588.66010464626,724.8760303784705,96.68658487001292,0
22,Female,64758.11205777215,722.2363203809423,87.49659187555329,0
43,Female,44113.838763430336,652.2133141066389,119.61183951929303,0
49,Male,41000.2979411773,674.626672962957,90.7337180959702,0
57,Male,57171.55555080798,685.219612263718,101.65243916597528,0
34,Male,37479.53002004504,743.1532776975192,88.65884217112963,0
32,Female,35202.92068642446,706.9386702404006,87.14656354790944,0
45,Male,48592.24501003522,726.3125772115284,103.68099825623584,0
46,Male,54339.424935324365,705.8092010521705,89.27303052305668,0
32,Female,54348.478881146206,679.66168787025,104.30349526654737,0
64,Female,49003.75130070712,784.4372961671323,116.13657333572472,0
30,Male,54305.596824397064,694.6632979238317,92.53799691460966,0
30,Female,45879.887577099085,664.7661199109664,102.78411833875063,0
46,Female,43506.437197078354,756.7448343342638,89.64669937117681,0
27,Female,47673.89391465967,721.4327445069474,98.64513140127939,0
46,Female,49817.41960801533,683.9983941526716,80.1659364430213,0
25,Male,47860.581395945344,650.3793157632108,103.95378159572672,0
62,Female,54560.611529128786,542.529144403357,100.71891297912357,1
37,Female,57838.22781652734,768.633131365712,98.00839369812665,0
56,Male,58093.39071329348,667.1105738012573,85.92050168677349,0
48,Female,40556.27855126136,684.8321242149267,96.08640480924466,0
52,Female,46855.824769986415,703.6549172097823,82.91078846993571,0
21,Male,64449.22221382148,672.9861091860338,104.34624010000181,0
24,Female,67825.10189323389,732.0880053485632,77.90604615220073,0
26,Female,39117.85384899613,704.3936586994417,115.98421673574455,0
38,Male,49961.62469911122,760.4414281865179,100.01048845560283,0
21,Male,51328.77082813797,748.9394531384793,107.0355073288823,0
24,Male,60053.0957968655,780.2610265821492,118.66898372687689,0
60,Female,62665.23077676214,720.3345340117111,108.81296575617009,0
26,Male,49974.54698117365,687.477630210618,111.75863352649145,0
44,Female,49452.969004057195,686.1910968979772,104.89007469066885,0
44,Female,58628.518356700784,637.8566117095394,89.99476987821637,0
45,Female,47538.315555524954,658.2426834222904,96.71077400634127,1
22,Male,36420.90393535349,697.9345828147635,99.49019519722857,0
